Energi_scaled,Protein_scaled,Lemak_scaled,Karbohidrat_scaled,Kalsium_scaled,Besi_scaled,Air_scaled
0.15425531914893617,0.014457831325301205,0.004,0.052859350850077286,0.004557291666666666,0.01347305389221557,0.46740740740740744
0.15425531914893617,0.014457831325301205,0.004,0.052859350850077286,0.005642361111111111,0.020958083832335328,0.46740740740740744
0.3829787234042553,0.0819277108433735,0.006999999999999999,0.12194744976816074,0.0013020833333333333,0.011976047904191617,0.0962962962962963
0.18936170212765957,0.025301204819277112,0.001,0.06275115919629057,0.0010850694444444445,0.0074850299401197605,0.4222222222222222
0.37872340425531914,0.08433734939759037,0.006999999999999999,0.1205564142194745,0.002170138888888889,0.011976047904191617,0.0962962962962963
0.1925531914893617,0.04819277108433735,0.012,0.05765069551777434,0.001953125,0.025449101796407185,0.4214814814814815
0.17659574468085107,0.04578313253012048,0.01,0.05316846986089644,0.001736111111111111,0.023952095808383235,0.3718518518518519
0.3829787234042553,0.0963855421686747,0.023,0.1151468315301391,0.002170138888888889,0.09281437125748503,0.10148148148148148
0.3851063829787234,0.08072289156626507,0.006999999999999999,0.12272024729520867,0.0026041666666666665,0.011976047904191617,0.08888888888888889
0.17340425531914894,0.03614457831325302,0.004,0.055177743431221025,0.0008680555555555555,0.010479041916167664,0.44962962962962966
0.18297872340425533,0.03614457831325302,0.005,0.05795981452859351,0.0013020833333333333,0.0074850299401197605,0.4362962962962963
0.3840425531914894,0.0891566265060241,0.008,0.12117465224111283,0.0028211805555555555,0.05089820359281437,0.09555555555555556
0.3606382978723404,0.0927710843373494,0.044000000000000004,0.11282843894899536,0.004774305555555555,0.05538922155688623,0.08888888888888889
0.3819148936170213,0.09036144578313253,0.009000000000000001,0.11993817619783616,0.003472222222222222,0.004491017964071856,0.0962962962962963
0.35638297872340424,0.0891566265060241,0.019,0.11777434312210201,0.0026041666666666665,0.029940119760479042,0.09777777777777778
0.3861702127659575,0.09156626506024096,0.011000000000000001,0.12102009273570324,0.0023871527777777775,0.017964071856287425,0.08888888888888889
0.3872340425531915,0.0819277108433735,0.006,0.12380216383307573,0.0010850694444444445,0.011976047904191617,0.08888888888888889
0.3829787234042553,0.05662650602409639,0.001,0.12689335394126738,0.0013020833333333333,0.02694610778443114,0.09555555555555556
0.48723404255319147,0.08313253012048194,0.14400000000000002,0.11607418856259659,0.01345486111111111,0.040419161676646706,0.0162962962962963
0.35319148936170214,0.13253012048192772,0.033,0.11282843894899536,0.006076388888888888,0.0658682634730539,0.08148148148148149
0.09361702127659574,0.00963855421686747,0.003,0.03230293663060278,0.005642361111111111,0.005988023952095809,0.5733333333333334
0.1074468085106383,0.025301204819277112,0.002,0.03585780525502318,0.004340277777777778,0.008982035928143712,0.5444444444444445
0.10638297872340426,0.00963855421686747,0.002,0.03678516228748068,0.003255208333333333,0.01347305389221557,0.5488888888888889
0.10106382978723405,0.012048192771084338,0.001,0.03493044822256569,0.004557291666666666,0.29940119760479045,0.5555555555555556
0.3595744680851064,0.01807228915662651,0.006999999999999999,0.1256568778979907,0.017361111111111112,0.02844311377245509,0.10740740740740741
0.10106382978723405,0.01807228915662651,0.001,0.03462132921174652,0.003038194444444444,0.011976047904191617,0.5555555555555556
0.4148936170212766,0.1710843373493976,0.07400000000000001,0.1054095826893354,0.01150173611111111,0.06736526946107785,0.06148148148148149
0.3840425531914894,0.10481927710843374,0.045,0.11190108191653787,0.001953125,0.0688622754491018,0.09703703703703703
0.1372340425531915,0.04939759036144578,0.013000000000000001,0.04683153013910356,0.0010850694444444445,0.016467065868263474,0.4703703703703704
0.32659574468085106,0.09518072289156627,0.034,0.0982998454404946,0.001953125,0.03143712574850299,0.17777777777777778
0.3776595744680851,0.1108433734939759,0.039,0.11391035548686244,0.002170138888888889,0.03592814371257485,0.08888888888888889
0.14893617021276595,0.05662650602409639,0.013000000000000001,0.05115919629057187,0.0013020833333333333,0.010479041916167664,0.4444444444444445
0.3840425531914894,0.10481927710843374,0.045,0.11190108191653787,0.001953125,0.0688622754491018,0.09703703703703703
0.1372340425531915,0.04939759036144578,0.013000000000000001,0.04683153013910356,0.0010850694444444445,0.016467065868263474,0.4703703703703704
0.32659574468085106,0.09518072289156627,0.034,0.0982998454404946,0.001953125,0.03143712574850299,0.17777777777777778
0.3776595744680851,0.1108433734939759,0.039,0.11391035548686244,0.002170138888888889,0.03592814371257485,0.08888888888888889
0.14893617021276595,0.05662650602409639,0.013000000000000001,0.05115919629057187,0.0013020833333333333,0.010479041916167664,0.4444444444444445
0.16595744680851063,0.032530120481927716,0.013000000000000001,0.05146831530139103,0.011067708333333332,0.017964071856287425,0.4570370370370371
0.3074468085106383,0.13253012048192772,0.04,0.09428129829984544,0.04622395833333333,0.16467065868263472,0.17481481481481484
0.3553191489361702,0.11686746987951807,0.035,0.1134466769706337,0.006076388888888888,0.07934131736526946,0.08814814814814816
0.04468085106382979,0.03975903614457831,0.002,0.014837712519319937,0.011067708333333332,0.014970059880239521,0.3466666666666667
0.2925531914893617,0.15180722891566265,0.14800000000000002,0.08438948995363214,0.006944444444444444,0.20958083832335328,0.08
0.08829787234042553,0.024096385542168676,0.001,0.029520865533230294,0.0023871527777777775,0.010479041916167664,0.5762962962962963
0.15106382978723404,0.010843373493975905,0.004,0.05208655332302937,0.007378472222222222,0.0029940119760479044,0.4740740740740741
0.3723404255319149,0.006024096385542169,0.002,0.13276661514683152,0.0,0.0,0.08888888888888889
0.15531914893617021,0.014457831325301205,0.003,0.0536321483771252,0.007161458333333333,0.010479041916167664,0.46296296296296297
0.16702127659574467,0.00963855421686747,0.003,0.05857805255023184,0.007161458333333333,0.010479041916167664,0.4444444444444445
0.3648936170212766,0.0036144578313253013,0.0,0.13137557959814528,0.004340277777777778,0.02245508982035928,0.10370370370370371
0.3861702127659575,0.10481927710843374,0.004,0.12163833075734158,0.004340277777777778,0.004491017964071856,0.08666666666666667
0.09148936170212767,0.007228915662650603,0.033,0.021638330757341576,0.003038194444444444,0.011976047904191617,0.5925925925925926
0.35851063829787233,0.09518072289156627,0.11800000000000001,0.07727975270479134,0.010633680555555554,0.041916167664670656,0.21185185185185187
0.3638297872340426,0.027710843373493974,0.001,0.1284389489953632,0.005859375,0.11377245508982035,0.10074074074074074
0.3851063829787234,0.006024096385542169,0.003,0.13431221020092737,0.0,0.0,0.08888888888888889
0.26382978723404255,0.0963855421686747,0.012,0.07727975270479134,0.002170138888888889,0.02245508982035928,0.2962962962962963
0.2648936170212766,0.09518072289156627,0.015,0.0768160741885626,0.004340277777777778,0.037425149700598806,0.2962962962962963
0.06808510638297872,0.007228915662650603,0.003,0.02287480680061824,0.006510416666666666,0.014970059880239521,0.6222222222222222
0.15531914893617021,0.014457831325301205,0.003,0.0536321483771252,0.007161458333333333,0.010479041916167664,0.45925925925925926
0.18404255319148938,0.006024096385542169,0.001,0.06568778979907264,0.006510416666666666,0.0,0.41555555555555557
0.09574468085106383,0.01807228915662651,0.001,0.033848531684698605,0.010894097222222222,0.011976047904191617,0.5592592592592592
0.07340425531914893,0.012048192771084338,0.001,0.02426584234930448,0.01345486111111111,0.06287425149700598,0.6074074074074074
0.1276595744680851,0.01807228915662651,0.003,0.04358578052550232,0.006727430555555555,0.010479041916167664,0.5125925925925926
0.10425531914893617,0.02289156626506024,0.002,0.036630602782071094,0.006076388888888888,0.014970059880239521,0.5407407407407407
0.3872340425531915,0.08433734939759037,0.005,0.12364760432766615,0.0010850694444444445,0.011976047904191617,0.08888888888888889
0.3861702127659575,0.013253012048192772,0.005,0.13632148377125194,0.018229166666666664,0.014970059880239521,0.0674074074074074
0.3776595744680851,0.008433734939759036,0.002,0.13168469860896445,0.001736111111111111,0.02245508982035928,0.10074074074074074
0.3776595744680851,0.1108433734939759,0.039,0.11391035548686244,0.002170138888888889,0.03592814371257485,0.08888888888888889
0.3776595744680851,0.1108433734939759,0.039,0.11391035548686244,0.002170138888888889,0.03592814371257485,0.08888888888888889
0.36914893617021277,0.0036144578313253013,0.001,0.13230293663060277,0.004340277777777778,0.0074850299401197605,0.0962962962962963
0.37553191489361704,0.008433734939759036,0.002,0.13091190108191653,0.0023871527777777775,0.02245508982035928,0.10370370370370371
0.38829787234042556,0.10722891566265061,0.013000000000000001,0.11947449768160741,0.003472222222222222,0.017964071856287425,0.08888888888888889
0.1276595744680851,0.02891566265060241,0.004,0.0401854714064915,0.0006510416666666666,0.005988023952095809,0.0
0.13085106382978723,0.02168674698795181,0.006999999999999999,0.04312210200927357,0.006510416666666666,0.010479041916167664,0.5074074074074074
0.13085106382978723,0.02168674698795181,0.006999999999999999,0.04312210200927357,0.006510416666666666,0.010479041916167664,0.5074074074074074
0.12127659574468086,0.016867469879518072,0.096,0.03956723338485317,0.006011284722222222,0.008982035928143712,0.0
0.19574468085106383,0.016867469879518072,0.003,0.0347758887171561,0.0018446180555555555,0.0029940119760479044,0.0
0.1946808510638298,0.02168674698795181,0.003,0.0347758887171561,0.0014105902777777778,0.0029940119760479044,0.0
0.1074468085106383,0.024096385542168676,0.002,0.030602782071097373,0.009765625,0.02694610778443114,0.5555555555555556
0.3861702127659575,0.10481927710843374,0.004,0.12163833075734158,0.004340277777777778,0.004491017964071856,0.08666666666666667
0.44042553191489364,0.3204819277108434,0.18300000000000002,0.06383307573415764,0.004123263888888889,0.059880239520958084,0.06666666666666667
0.597872340425532,0.25542168674698795,0.49600000000000005,0.03647604327666151,0.010850694444444444,0.07485029940119761,0.04370370370370371
0.6691489361702128,0.25903614457831325,0.5660000000000001,0.030602782071097373,0.10894097222222221,0.12874251497005987,0.007407407407407408
0.12659574468085105,0.05301204819277109,0.035,0.028284389489953633,0.005859375,0.038922155688622756,0.5370370370370371
0.35425531914893615,0.3530120481927711,0.033,0.07727975270479134,0.022135416666666664,0.17964071856287425,0.08888888888888889
0.3574468085106383,0.45060240963855425,0.13,0.04714064914992272,0.15842013888888887,0.4595808383233533,0.10370370370370371
0.39148936170212767,0.27710843373493976,0.15,0.061823802163833076,0.029730902777777776,0.6212574850299402,0.11851851851851852
0.02127659574468085,0.042168674698795185,0.001,0.004791344667697064,0.004557291666666666,0.010479041916167664,0.6888888888888889
0.225531914893617,0.07228915662650603,0.087,0.04497681607418856,0.016710069444444444,0.014970059880239521,0.3903703703703704
0.37872340425531914,0.24698795180722893,0.040999999999999995,0.09520865533230294,0.03255208333333333,0.09281437125748503,0.08
0.35106382978723405,0.28674698795180725,0.013999999999999999,0.09304482225656878,0.012369791666666666,0.07035928143712575,0.08592592592592593
0.425531914893617,0.41445783132530123,0.16899999999999998,0.0527047913446677,0.1015625,0.10179640718562874,0.07407407407407407
0.2170212765957447,0.20361445783132529,0.08800000000000001,0.02704791344667697,0.04991319444444444,0.04940119760479042,0.41185185185185186
0.225531914893617,0.21084337349397592,0.1,0.019938176197836166,0.04036458333333333,0.03293413173652695,0.43111111111111117
0.5095744680851064,0.1530120481927711,0.23199999999999998,0.0910355486862442,0.029296875,0.04341317365269461,0.022222222222222223
0.39361702127659576,0.1927710843373494,0.06,0.10046367851622874,0.018446180555555556,0.06287425149700598,0.07407407407407407
0.17127659574468085,0.0927710843373494,0.027999999999999997,0.04188562596599691,0.012152777777777776,0.020958083832335328,0.45333333333333337
0.35212765957446807,0.30120481927710846,0.01,0.08964451313755796,0.017361111111111112,0.07485029940119761,0.10370370370370371
0.3574468085106383,0.2493975903614458,0.013999999999999999,0.09582689335394126,0.02712673611111111,0.059880239520958084,0.09037037037037036
0.12127659574468086,0.08433734939759037,0.006,0.0321483771251932,0.0006944444444444445,0.02245508982035928,0.5207407407407407
0.3670212765957447,0.2674698795180723,0.012,0.09721792890262751,0.02712673611111111,0.10029940119760479,0.07407407407407407
0.30425531914893617,0.363855421686747,0.156,0.04652241112828439,0.04253472222222222,0.1032934131736527,0.1525925925925926
0.35212765957446807,0.42048192771084336,0.18100000000000002,0.05378670788253477,0.049262152777777776,0.11976047904191617,0.05555555555555556
0.0797872340425532,0.04939759036144578,0.021,0.016537867078825347,0.04405381944444444,0.019461077844311378,0.6111111111111112
0.3574468085106383,0.27831325301204823,0.017,0.09196290571870169,0.017361111111111112,0.07485029940119761,0.08888888888888889
0.16808510638297872,0.12409638554216869,0.009000000000000001,0.04358578052550232,0.034722222222222224,0.05538922155688623,0.44148148148148153
0.15319148936170213,0.12048192771084337,0.01,0.03817619783616692,0.03125,0.041916167664670656,0.46740740740740744
0.3797872340425532,0.20843373493975906,0.015,0.10819165378670788,0.03537326388888889,0.1032934131736527,0.09037037037037036
0.5691489361702128,0.3349397590361446,0.381,0.04451313755795981,0.018880208333333332,0.04491017964071856,0.022962962962962963
0.5968085106382979,0.3072289156626506,0.438,0.0401854714064915,0.010850694444444444,0.04640718562874251,0.015555555555555557
0.48085106382978726,0.30481927710843376,0.428,0.03261205564142195,0.012586805555555554,0.019461077844311378,0.02962962962962963
0.3829787234042553,0.16265060240963855,0.312,0.019783616692426585,0.009114583333333332,0.020958083832335328,0.2977777777777778
0.5457446808510639,0.21084337349397592,0.325,0.06846986089644512,0.014105902777777776,0.038922155688622756,0.02888888888888889
0.6053191489361702,0.34698795180722897,0.484,0.024420401854714065,0.01909722222222222,0.041916167664670656,0.02666666666666667
0.5946808510638298,0.3240963855421687,0.44200000000000006,0.03647604327666151,0.016059027777777776,0.02844311377245509,0.01925925925925926
0.3638297872340426,0.27590361445783135,0.013999999999999999,0.09520865533230294,0.016710069444444444,0.09730538922155689,0.08148148148148149
0.14680851063829786,0.12891566265060242,0.011000000000000001,0.03493044822256569,0.035807291666666664,0.059880239520958084,0.4770370370370371
0.04893617021276596,0.06867469879518073,0.013000000000000001,0.013910355486862442,0.026692708333333332,0.08532934131736528,0.4666666666666667
0.4308510638297872,0.39518072289156625,0.17,0.05641421947449768,0.017361111111111112,0.029940119760479042,0.07185185185185185
0.6276595744680851,0.3253012048192771,0.49,0.03230293663060278,0.013020833333333332,0.029940119760479042,0.022222222222222223
0.018085106382978725,0.0024096385542168677,0.001,0.0058732612055641415,0.003255208333333333,0.0029940119760479044,0.7074074074074075
0.0723404255319149,0.012048192771084338,0.009000000000000001,0.021638330757341576,0.001519097222222222,0.014970059880239521,0.617037037037037
0.19148936170212766,0.04819277108433735,0.15,0.015455950540958269,0.001736111111111111,0.029940119760479042,0.5185185185185185
0.3819148936170213,0.04096385542168675,0.34700000000000003,0.021638330757341576,0.004557291666666666,0.029940119760479042,0.3474074074074074
0.4042553191489362,0.5891566265060241,0.138,0.03601236476043277,0.08203125,0.0,0.08
0.09574468085106383,0.12891566265060242,0.04,0.007264296754250387,0.007595486111111111,0.0,0.5911111111111111
0.676595744680851,0.22891566265060243,0.63,0.012364760432766615,0.017361111111111112,0.029940119760479042,0.05185185185185186
0.698936170212766,0.18072289156626506,0.66,0.02009273570324575,0.019965277777777776,0.11526946107784432,0.022222222222222223
0.3670212765957447,0.14457831325301207,0.015,0.11051004636785162,0.021701388888888888,0.07485029940119761,0.0962962962962963
0.45851063829787236,0.13373493975903614,0.162,0.0973724884080371,0.016710069444444444,0.0,0.05925925925925926
0.46702127659574466,0.12048192771084337,0.16399999999999998,0.10154559505409583,0.014322916666666666,0.0,0.04148148148148148
0.5159574468085106,0.13855421686746988,0.245,0.09134466769706337,0.018446180555555556,0.0,0.024444444444444446
0.4297872340425532,0.16987951807228915,0.161,0.08377125193199382,0.13671875,0.2679640718562874,0.08296296296296296
0.2904255319148936,0.12048192771084337,0.24,0.02086553323029366,0.008680555555555556,0.029940119760479042,0.37777777777777777
0.35319148936170214,0.28915662650602414,0.03,0.08500772797527048,0.028211805555555552,0.029940119760479042,0.11111111111111112
0.15,0.12289156626506025,0.013000000000000001,0.03585780525502318,0.009114583333333332,0.038922155688622756,0.4740740740740741
0.13297872340425532,0.10000000000000002,0.006999999999999999,0.03415765069551777,0.003689236111111111,0.4041916167664671,0.4977777777777778
0.035106382978723406,0.032530120481927716,0.002,0.012210200927357032,0.013020833333333332,0.029940119760479042,0.6562962962962963
0.36595744680851067,0.15060240963855423,0.021,0.1072642967542504,0.015190972222222222,0.0658682634730539,0.0962962962962963
0.3595744680851064,0.2674698795180723,0.015,0.09428129829984544,0.01909722222222222,0.05239520958083832,0.08740740740740742
0.5478723404255319,0.3686746987951808,0.42100000000000004,0.02132921174652241,0.01171875,0.09281437125748503,0.07333333333333333
0.09042553191489362,0.06867469879518073,0.003,0.023802163833075735,0.0390625,0.040419161676646706,0.5733333333333334
0.1574468085106383,0.12771084337349398,0.005,0.04049459041731066,0.033637152777777776,0.03293413173652695,0.45481481481481484
0.15106382978723404,0.13253012048192772,0.025,0.031530139103554865,0.009114583333333332,0.038922155688622756,0.4740740740740741
0.17553191489361702,0.050602409638554224,0.001,0.05672333848531685,0.007161458333333333,0.014970059880239521,0.42740740740740746
0.14042553191489363,0.1530120481927711,0.038,0.021174652241112826,0.02886284722222222,0.5149700598802395,0.4814814814814815
0.19893617021276597,0.1566265060240964,0.06,0.03493044822256569,0.020833333333333332,0.4041916167664671,0.4222222222222222
0.08085106382978724,0.06265060240963856,0.018000000000000002,0.016383307573415763,0.04665798611111111,0.18712574850299402,0.5992592592592593
0.5255319148936171,0.09036144578313253,0.364,0.06197836166924266,0.026041666666666664,0.0688622754491018,0.10592592592592594
0.15106382978723404,0.12530120481927712,0.02,0.03400309119010819,0.020616319444444444,0.017964071856287425,0.4481481481481482
0.4776595744680851,0.3686746987951808,0.255,0.04930448222565687,0.23046875,0.21257485029940118,0.06
0.12978723404255318,0.024096385542168676,0.1,0.011746522411128283,0.005425347222222222,0.0014970059880239522,0.5925925925925926
0.3446808510638298,0.050602409638554224,0.34299999999999997,0.08593508500772798,0.003038194444444444,0.02844311377245509,0.4066666666666667
0.36595744680851067,0.3614457831325301,0.2,0.06646058732612055,0.09765625,0.059880239520958084,0.022222222222222223
0.043617021276595745,0.042168674698795185,0.025,0.0077279752704791345,0.010850694444444444,0.010479041916167664,0.6444444444444445
0.0723404255319149,0.09397590361445783,0.046,0.002472952086553323,0.02690972222222222,0.0,0.6281481481481481
0.17659574468085107,0.12530120481927712,0.049,0.03724884080370943,0.011935763888888888,0.019461077844311378,0.4770370370370371
0.11063829787234043,0.15542168674698797,0.068,0.0018547140649149921,0.033203125,0.025449101796407185,0.5777777777777778
0.07765957446808511,0.06867469879518073,0.013000000000000001,0.006491499227202473,0.04427083333333333,0.02245508982035928,0.6066666666666667
0.15851063829787235,0.2204819277108434,0.04,0.019629057187017,0.027994791666666664,0.14970059880239522,0.4740740740740741
0.3872340425531915,0.05421686746987952,0.01,0.12905718701700156,0.010850694444444444,0.014970059880239521,0.07407407407407407
0.36914893617021277,0.43253012048192774,0.20600000000000002,0.04621329211746522,0.04231770833333333,0.12574850299401197,0.06666666666666667
0.6042553191489362,0.23253012048192773,0.511,0.027975270479134468,0.02712673611111111,0.14221556886227546,0.04296296296296297
0.2978723404255319,0.1108433734939759,0.284,0.0,0.015190972222222222,0.008982035928143712,0.0
0.37659574468085105,0.19759036144578312,0.315,0.0,0.003255208333333333,0.02694610778443114,0.37851851851851853
0.32127659574468087,0.21927710843373494,0.25,0.0,0.003038194444444444,0.02245508982035928,0.4140740740740741
0.12021276595744682,0.21204819277108436,0.042,0.0,0.0026041666666666665,0.014970059880239521,0.5681481481481482
0.3468085106382979,0.1927710843373494,0.28600000000000003,0.0,0.003255208333333333,0.02694610778443114,0.4022222222222222
0.25638297872340426,0.1927710843373494,0.25,0.0,0.002170138888888889,0.059880239520958084,0.3925925925925926
0.2021276595744681,0.23012048192771087,0.12,0.0,0.0023871527777777775,0.04341317365269461,0.5037037037037038
0.20319148936170214,0.3855421686746988,0.06,0.0,0.003255208333333333,0.07485029940119761,0.4444444444444445
0.48617021276595745,0.13975903614457832,0.45,0.0,0.001519097222222222,0.02694610778443114,0.3155555555555556
0.4,0.16987951807228915,0.35000000000000003,0.0,0.001736111111111111,0.03143712574850299,0.3703703703703704
0.21914893617021278,0.2060240963855422,0.14800000000000002,0.0,0.002170138888888889,0.038922155688622756,0.4911111111111111
0.16382978723404257,0.20000000000000004,0.092,0.0,0.0023871527777777775,0.014970059880239521,0.5207407407407407
0.08936170212765958,0.22530120481927712,0.005,0.0,0.001519097222222222,0.029940119760479042,0.6222222222222222
0.12553191489361704,0.21807228915662655,0.040999999999999995,0.0013910355486862441,0.002170138888888889,0.040419161676646706,0.562962962962963
0.22021276595744682,0.22650602409638557,0.14,0.0,0.0023871527777777775,0.041916167664670656,0.48888888888888893
0.46063829787234045,0.6626506024096386,0.09,0.0,0.006510416666666666,0.07634730538922155,0.1851851851851852
0.08191489361702128,0.16626506024096388,0.019,0.0010819165378670788,0.003255208333333333,0.019461077844311378,0.6074074074074074
0.11063829787234043,0.26385542168674697,0.011000000000000001,0.0,0.001519097222222222,0.019461077844311378,0.5599999999999999
0.6276595744680851,0.22289156626506026,0.5700000000000001,0.0,0.032769097222222224,0.019461077844311378,0.0
0.12127659574468086,0.1963855421686747,0.046,0.0012364760432766616,0.0023871527777777775,0.12874251497005987,0.5711111111111111
0.11170212765957448,0.20000000000000004,0.033,0.0015455950540958269,0.0028211805555555555,0.1377245508982036,0.5762962962962963
0.15,0.18072289156626506,0.081,0.0013910355486862441,0.001953125,0.1092814371257485,0.5548148148148149
0.41382978723404257,0.20361445783132529,0.35000000000000003,0.00046367851622874804,0.002170138888888889,0.037425149700598806,0.3111111111111111
0.1425531914893617,0.23734939759036144,0.048,0.0026275115919629057,0.002170138888888889,0.2694610778443114,0.5355555555555556
0.1446808510638298,0.23734939759036144,0.032,0.00927357032457496,0.001519097222222222,0.09880239520958084,0.5162962962962964
0.44893617021276594,1.0,0.04,0.0,0.0010850694444444445,0.0,0.11111111111111112
0.6702127659574468,0.10963855421686747,0.65,0.0017001545595054096,0.0028211805555555555,0.011976047904191617,0.22222222222222224
0.4117021276595745,0.1927710843373494,0.22,0.00463678516228748,0.004340277777777778,0.059880239520958084,0.5681481481481482
0.13297872340425532,0.12530120481927712,0.086,0.0012364760432766616,0.003472222222222222,0.05389221556886228,0.5844444444444445
0.298936170212766,0.45180722891566266,0.003,0.04961360123647605,0.1052517361111111,0.04491017964071856,0.1837037037037037
0.13829787234042554,0.16867469879518074,0.07200000000000001,0.00231839258114374,0.003038194444444444,0.059880239520958084,0.5681481481481482
0.48085106382978726,0.1746987951807229,0.423,0.0035548686244204013,0.006076388888888888,0.016467065868263474,0.27851851851851855
0.1723404255319149,0.15421686746987953,0.115,0.0010819165378670788,0.01171875,0.040419161676646706,0.5481481481481482
0.3840425531914894,0.23253012048192773,0.319,0.0010819165378670788,0.031901041666666664,0.10778443113772455,0.36592592592592593
0.05319148936170213,0.13012048192771086,0.0,0.0012364760432766616,0.0013020833333333333,0.0029940119760479044,0.6503703703703704
0.4074468085106383,0.1819277108433735,0.329,0.012828438948995364,0.013324652777777777,0.04640718562874251,0.0
0.2670212765957447,0.1963855421686747,0.19399999999999998,0.0021638330757341576,0.01345486111111111,0.037425149700598806,0.45851851851851855
0.20106382978723406,0.15783132530120483,0.14300000000000002,0.0012364760432766616,0.012152777777777776,0.041916167664670656,0.5244444444444445
0.42340425531914894,0.20481927710843376,0.35000000000000003,0.0012364760432766616,0.03255208333333333,0.10479041916167664,0.34814814814814815
0.0574468085106383,0.13253012048192772,0.0,0.0012364760432766616,0.004557291666666666,0.0014970059880239522,0.6518518518518519
0.3404255319148936,0.1819277108433735,0.305,0.0013910355486862441,0.013975694444444445,0.04790419161676647,0.0
0.3202127659574468,0.24096385542168675,0.237,0.0,0.01540798611111111,0.1377245508982036,0.40814814814814815
0.2074468085106383,0.163855421686747,0.136,0.0021638330757341576,0.026041666666666664,0.02694610778443114,0.49259259259259264
0.15319148936170213,0.14457831325301207,0.102,0.0,0.018229166666666664,0.019461077844311378,0.5674074074074074
0.4521276595744681,0.3734939759036145,0.28,0.015455950540958269,0.010850694444444444,0.029940119760479042,0.1851851851851852
0.15425531914893617,0.3253012048192771,0.023,0.0,0.010850694444444444,0.029940119760479042,0.43703703703703706
0.28191489361702127,0.48915662650602415,0.10099999999999999,0.0,0.01345486111111111,0.040419161676646706,0.4014814814814815
0.0797872340425532,0.19397590361445785,0.006999999999999999,0.0001545595054095827,0.006944444444444444,0.02694610778443114,0.6088888888888889
0.4042553191489362,0.4048192771084338,0.275,0.0,0.043402777777777776,0.037425149700598806,0.0
0.48510638297872344,0.5602409638554218,0.244,0.0,0.003472222222222222,0.010778443113772455,0.0
0.3702127659574468,0.22530120481927712,0.295,0.0,0.0045138888888888885,0.015119760479041917,0.0
0.2053191489361702,0.5060240963855422,0.015,0.0,0.043402777777777776,0.037425149700598806,0.2962962962962963
0.4574468085106383,0.7012048192771085,0.23600000000000002,0.0,0.003472222222222222,0.010479041916167664,0.0
0.6936170212765957,0.48674698795180726,0.543,0.0,0.04329427083333333,0.011826347305389222,0.0
0.3393617021276596,0.08313253012048194,0.317,0.0,0.00028211805555555553,0.0,0.0
0.4574468085106383,0.40240963855421685,0.324,0.0,0.2606336805555555,0.05389221556886228,0.0
0.21063829787234042,0.22891566265060243,0.13,0.0,0.010416666666666666,0.005988023952095809,0.48888888888888893
0.1372340425531915,0.24096385542168675,0.048,0.0,0.004340277777777778,0.029940119760479042,0.5481481481481482
0.1021276595744681,0.22891566265060243,0.017,0.0,0.004340277777777778,0.029940119760479042,0.5777777777777778
0.14680851063829786,0.16867469879518074,0.006999999999999999,0.01143740340030912,0.008680555555555556,0.029940119760479042,0.5111111111111112
0.44361702127659575,0.3120481927710843,0.19399999999999998,0.04945904173106646,0.18229166666666666,0.07335329341317366,0.08296296296296296
0.08723404255319149,0.08072289156626507,0.01,0.016846986089644512,0.08463541666666666,0.019461077844311378,0.5896296296296296
0.07021276595744681,0.16867469879518074,0.0,0.0,0.008680555555555556,0.029940119760479042,0.6222222222222222
0.11595744680851064,0.20481927710843376,0.04,0.0,0.10850694444444443,0.014970059880239521,0.5185185185185185
0.31063829787234043,0.6987951807228916,0.04,0.0,0.003255208333333333,0.010479041916167664,0.17777777777777778
0.07872340425531915,0.3036144578313253,0.017,0.0,0.01345486111111111,0.01347305389221557,0.5140740740740741
0.09468085106382979,0.24216867469879522,0.003,0.0,0.005425347222222222,0.01347305389221557,0.58
0.10957446808510639,0.26506024096385544,0.01,0.0,0.004340277777777778,0.014970059880239521,0.562962962962963
0.11595744680851064,0.26506024096385544,0.017,0.0,0.010850694444444444,0.029940119760479042,0.5481481481481482
0.2680851063829787,0.2397590361445783,0.19100000000000003,0.0,0.005164930555555555,0.017964071856287425,0.0
0.11914893617021277,0.24096385542168675,0.03,0.0,0.004340277777777778,0.014970059880239521,0.562962962962963
0.09148936170212767,0.1927710843373494,0.02,0.0,0.004340277777777778,0.029940119760479042,0.5925925925925926
0.2,0.23253012048192773,0.122,0.0,2.170138888888889e-05,0.1437125748502994,0.0
0.6361702127659574,0.8951807228915662,0.269,0.014219474497681605,0.4246961805555555,0.11077844311377245,0.04814814814814815
0.6191489361702128,0.8228915662650602,0.152,0.057496136012364765,0.70703125,0.06437125748502993,0.11259259259259259
0.44255319148936173,0.5650602409638554,0.239,0.0,0.07508680555555555,0.01347305389221557,0.33111111111111113
0.12872340425531914,0.26144578313253014,0.027999999999999997,0.0012364760432766616,0.018012152777777776,0.0,0.5459259259259259
0.09468085106382979,0.22530120481927712,0.01,0.0,0.020833333333333332,0.02245508982035928,0.5903703703703704
0.18723404255319148,0.3855421686746988,0.044000000000000004,0.0,0.026041666666666664,0.014970059880239521,0.24444444444444446
0.12021276595744682,0.20481927710843376,0.045,0.0,0.004340277777777778,0.014970059880239521,0.562962962962963
0.20638297872340425,0.45783132530120485,0.035,0.0,0.004340277777777778,0.014970059880239521,0.31851851851851853
0.3074468085106383,0.45783132530120485,0.14,0.0,0.008680555555555556,0.010479041916167664,0.22222222222222224
0.2170212765957447,0.1927710843373494,0.15,0.0,0.004340277777777778,0.029940119760479042,0.41481481481481486
0.35212765957446807,0.8277108433734941,0.042,0.0,0.5167100694444444,0.3502994011976048,0.1237037037037037
0.15319148936170213,0.391566265060241,0.006,0.0,0.21701388888888887,0.04491017964071856,0.2555555555555556
0.2946808510638298,0.7228915662650602,0.023,0.0027820710973724882,0.26236979166666663,0.04491017964071856,0.11111111111111112
0.18085106382978725,0.40240963855421685,0.03,0.0,0.26041666666666663,0.05389221556886228,0.27999999999999997
0.08191489361702128,0.1927710843373494,0.01,0.0,0.10850694444444443,0.014970059880239521,0.5925925925925926
0.36914893617021277,0.5879518072289157,0.064,0.030293663060278208,1.0,0.2784431137724551,0.03851851851851852
0.4797872340425532,0.13493975903614458,0.20199999999999999,0.09227202472952087,0.033854166666666664,0.0688622754491018,0.04518518518518518
0.07765957446808511,0.19759036144578312,0.003,0.0,0.00390625,0.016467065868263474,0.6066666666666667
0.06808510638297872,0.14457831325301207,0.01,0.0030911901081916537,0.04709201388888889,0.025449101796407185,0.6
0.16063829787234044,0.16626506024096388,0.038,0.02179289026275116,0.045572916666666664,0.016467065868263474,0.5044444444444445
0.06276595744680852,0.21686746987951808,0.011000000000000001,0.0055641421947449764,0.02886284722222222,0.04640718562874251,0.6296296296296297
0.3638297872340426,0.1927710843373494,0.004,0.10139103554868624,0.00043402777777777775,0.0014970059880239522,0.11851851851851852
0.3819148936170213,0.20722891566265061,0.682,0.5131375579598145,0.07313368055555555,0.7485029940119761,0.08888888888888889
0.08829787234042553,0.23012048192771087,0.002,0.0,0.005859375,0.010479041916167664,0.5925925925925926
0.16595744680851063,0.3373493975903615,0.04,0.0,0.037760416666666664,0.04640718562874251,0.34074074074074073
0.17127659574468085,0.24096385542168675,0.002,0.03709428129829984,0.008029513888888888,0.041916167664670656,0.41481481481481486
0.23404255319148937,0.18072289156626506,0.001,0.061823802163833076,0.008029513888888888,0.041916167664670656,0.2888888888888889
0.16702127659574467,0.3373493975903615,0.042,0.0,0.010850694444444444,0.014970059880239521,0.43703703703703706
0.18085106382978725,0.3734939759036145,0.042,0.0,0.010850694444444444,0.014970059880239521,0.4222222222222222
0.16276595744680852,0.3614457831325301,0.027999999999999997,0.0,0.013020833333333332,0.04491017964071856,0.4444444444444445
0.15106382978723404,0.3253012048192771,0.03,0.0,0.013020833333333332,0.04491017964071856,0.4444444444444445
0.08617021276595745,0.19518072289156627,0.012,0.0010819165378670788,0.16427951388888887,0.03293413173652695,0.5851851851851853
0.3180851063829787,0.3542168674698795,0.036000000000000004,0.004945904173106646,0.5004340277777778,0.3203592814371257,0.16
0.3595744680851064,0.25421686746987954,0.27,0.0015455950540958269,0.07682291666666666,0.05239520958083832,0.3488888888888889
0.1851063829787234,0.3614457831325301,0.035,0.005409582689335394,0.021701388888888888,0.04640718562874251,0.2962962962962963
0.31382978723404253,0.7518072289156627,0.023,0.0027820710973724882,0.26236979166666663,0.09431137724550898,0.15333333333333332
0.09680851063829787,0.2530120481927711,0.002,0.0001545595054095827,0.029513888888888888,0.11976047904191617,0.5555555555555556
0.026595744680851064,0.01927710843373494,0.002,0.008191653786707881,0.007161458333333333,0.014970059880239521,0.68
0.1372340425531915,0.02289156626506024,0.066,0.0241112828438949,0.018446180555555556,0.005988023952095809,0.4096296296296296
0.013829787234042554,0.004819277108433735,0.002,0.00463678516228748,0.004123263888888889,0.005988023952095809,0.7118518518518518
0.14574468085106385,0.051807228915662654,0.048,0.029520865533230294,0.01171875,0.011976047904191617,0.10592592592592594
0.047872340425531915,0.016867469879518072,0.002,0.015919629057187017,0.006944444444444444,0.0074850299401197605,0.6481481481481481
0.04148936170212766,0.01807228915662651,0.003,0.0003091190108191654,0.0078125,0.011976047904191617,0.6518518518518519
0.10106382978723405,0.05421686746987952,0.002,0.0357032457496136,0.009114583333333332,0.014970059880239521,0.5259259259259259
0.05425531914893617,0.05542168674698795,0.005,0.015455950540958269,0.0798611111111111,0.03293413173652695,0.6074074074074074
0.031914893617021274,0.01566265060240964,0.006999999999999999,0.008964451313755796,0.05186631944444444,0.08532934131736528,0.6718518518518519
0.02446808510638298,0.014457831325301205,0.006,0.00571870170015456,0.03255208333333333,0.0074850299401197605,0.6925925925925926
0.03829787234042553,0.042168674698795185,0.005,0.010046367851622875,0.05794270833333333,0.058383233532934134,0.6437037037037038
0.10851063829787234,0.04457831325301205,0.067,0.010664605873261205,0.027647569444444443,0.07335329341317366,0.0
0.05106382978723405,0.016867469879518072,0.042,0.00401854714064915,0.027994791666666664,0.011976047904191617,0.6755555555555556
0.04468085106382979,0.01927710843373494,0.001,0.014837712519319937,0.005859375,0.014970059880239521,0.6488888888888888
0.02446808510638298,0.012048192771084338,0.008,0.011128284389489953,0.010850694444444444,0.029940119760479042,0.6666666666666667
0.023404255319148935,0.012048192771084338,0.003,0.007264296754250387,0.010850694444444444,0.029940119760479042,0.6888888888888889
0.03723404255319149,0.02891566265060241,0.002,0.011901081916537867,0.0014105902777777778,0.016467065868263474,0.6585185185185186
0.06382978723404255,0.06144578313253012,0.005,0.013137557959814528,0.015690104166666666,0.020958083832335328,0.0
0.031914893617021274,0.026506024096385545,0.002,0.009891808346213293,0.02322048611111111,0.0074850299401197605,0.6711111111111111
0.02446808510638298,0.008433734939759036,0.003,0.0080370942812983,0.003038194444444444,0.005988023952095809,0.6918518518518519
0.33085106382978724,0.19156626506024096,0.062000000000000006,0.0955177743431221,0.034722222222222224,0.0344311377245509,0.07407407407407407
0.03297872340425532,0.012048192771084338,0.003,0.011282843894899535,0.006293402777777777,0.0074850299401197605,0.6733333333333335
0.10957446808510639,0.05662650602409639,0.024,0.030757341576506954,0.009765625,0.037425149700598806,0.5274074074074074
0.030851063829787233,0.02168674698795181,0.006999999999999999,0.0080370942812983,0.011935763888888888,0.10778443113772455,0.6785185185185185
0.04468085106382979,0.02168674698795181,0.005,0.014528593508500774,0.05555555555555555,0.08383233532934131,0.6370370370370371
0.06382978723404255,0.03734939759036145,0.003,0.021638330757341576,0.008680555555555556,0.07035928143712575,0.6
0.07765957446808511,0.05542168674698795,0.005,0.025038639876352395,0.007161458333333333,0.13323353293413173,0.5777777777777778
0.03617021276595745,0.04939759036144578,0.004,0.008964451313755796,0.02907986111111111,0.09281437125748503,0.654074074074074
0.0425531914893617,0.04457831325301205,0.003,0.012364760432766615,0.024088541666666664,0.05538922155688623,0.645925925925926
0.06276595744680852,0.05783132530120482,0.01,0.017001545595054096,0.04427083333333333,0.040419161676646706,0.6
0.05638297872340425,0.06385542168674699,0.009000000000000001,0.014064914992272025,0.04036458333333333,0.04640718562874251,0.617037037037037
0.05,0.060240963855421686,0.005,0.013137557959814528,0.02907986111111111,0.09281437125748503,0.6296296296296297
0.06276595744680852,0.033734939759036145,0.003,0.02071097372488408,0.1171875,0.09281437125748503,0.6
0.08723404255319149,0.08072289156626507,0.017,0.022102009273570325,0.0954861111111111,0.10479041916167664,0.5555555555555556
0.06489361702127659,0.07349397590361446,0.009000000000000001,0.015455950540958269,0.055338541666666664,0.03143712574850299,0.5948148148148148
0.04574468085106383,0.06626506024096386,0.003,0.011591962905718702,0.007595486111111111,0.014970059880239521,0.6296296296296297
0.04893617021276596,0.04819277108433735,0.005,0.01375579598145286,0.009765625,0.029940119760479042,0.6296296296296297
0.02446808510638298,0.03614457831325302,0.003,0.00571870170015456,0.02907986111111111,0.09281437125748503,0.674074074074074
0.014893617021276596,0.01566265060240964,0.003,0.0035548686244204013,0.01953125,0.040419161676646706,0.7051851851851852
0.06382978723404255,0.04819277108433735,0.004,0.007264296754250387,0.012586805555555554,0.037425149700598806,0.6644444444444445
0.031914893617021274,0.04337349397590362,0.006,0.006955177743431221,0.029947916666666664,0.05538922155688623,0.6644444444444445
0.047872340425531915,0.05662650602409639,0.005,0.012519319938176197,0.045572916666666664,0.09131736526946108,0.6296296296296297
0.031914893617021274,0.027710843373493974,0.004,0.008964451313755796,0.030381944444444444,0.05538922155688623,0.4444444444444445
0.0425531914893617,0.03614457831325302,0.008,0.01143740340030912,0.016493055555555556,0.014970059880239521,0.645925925925926
0.0574468085106383,0.04457831325301205,0.003,0.018238021638330756,0.10286458333333333,0.059880239520958084,0.6074074074074074
0.10531914893617021,0.060240963855421686,0.013000000000000001,0.03292117465224111,0.047526041666666664,0.06287425149700598,0.5244444444444445
0.06702127659574468,0.04578313253012048,0.015,0.01777434312210201,0.06510416666666666,0.08982035928143713,0.6044444444444445
0.023404255319148935,0.012048192771084338,0.001,0.008191653786707881,0.004557291666666666,0.029940119760479042,0.6888888888888889
0.03723404255319149,0.04819277108433735,0.003,0.009891808346213293,0.009114583333333332,0.019461077844311378,0.6518518518518519
0.13617021276595745,0.14457831325301207,0.065,0.019165378670788255,0.3255208333333333,0.037425149700598806,0.4962962962962963
0.039361702127659576,0.030120481927710843,0.008,0.010664605873261205,0.16145833333333331,0.08832335329341318,0.6474074074074074
0.047872340425531915,0.05301204819277109,0.08,0.0007727975270479134,0.02126736111111111,0.10479041916167664,0.6274074074074074
0.07765957446808511,0.0819277108433735,0.012,0.02009273570324575,0.035807291666666664,0.029940119760479042,0.5718518518518519
0.05851063829787234,0.04819277108433735,0.005,0.013137557959814528,0.021484375,0.029940119760479042,0.0
0.03297872340425532,0.04457831325301205,0.006,0.007418856259659969,0.034722222222222224,0.038922155688622756,0.6703703703703704
0.03829787234042553,0.03132530120481928,0.009000000000000001,0.009428129829984543,0.08637152777777778,0.13922155688622756,0.6555555555555556
0.07553191489361702,0.04939759036144578,0.021,0.01901081916537867,0.06553819444444445,0.12425149700598803,0.5881481481481482
0.02872340425531915,0.01566265060240964,0.002,0.009119010819165378,0.025824652777777776,0.020958083832335328,0.6785185185185185
0.05,0.033734939759036145,0.004,0.0160741885625966,0.01714409722222222,0.14970059880239522,0.6274074074074074
0.059574468085106386,0.03734939759036145,0.003,0.02009273570324575,0.016927083333333332,0.06437125748502993,0.6111111111111112
0.019148936170212766,0.012048192771084338,0.002,0.0058732612055641415,0.017361111111111112,0.05538922155688623,0.6888888888888889
0.019148936170212766,0.00963855421686747,0.002,0.00633693972179289,0.003472222222222222,0.01347305389221557,0.7000000000000001
0.013829787234042554,0.0036144578313253013,0.006,0.002472952086553323,0.0014539930555555556,0.0029940119760479044,0.0
0.035106382978723406,0.026506024096385545,0.001,0.01143740340030912,0.001519097222222222,0.0074850299401197605,0.662962962962963
0.047872340425531915,0.030120481927710843,0.039,0.0,0.0078125,0.0074850299401197605,0.6948148148148148
0.13617021276595745,0.1927710843373494,0.009000000000000001,0.0998454404945904,0.011067708333333332,0.10029940119760479,0.11037037037037038
0.015957446808510637,0.04578313253012048,0.006,0.0013910355486862441,0.0006510416666666666,0.025449101796407185,0.6940740740740742
0.05106382978723405,0.033734939759036145,0.040999999999999995,0.004482225656877898,0.013020833333333332,0.008982035928143712,0.6103703703703705
0.03297872340425532,0.014457831325301205,0.003,0.01097372488408037,0.006510416666666666,0.0014970059880239522,0.6681481481481482
0.05106382978723405,0.030120481927710843,0.042,0.0,0.010199652777777778,0.0029940119760479044,0.6822222222222222
0.03404255319148936,0.02289156626506024,0.003,0.01097372488408037,0.03515625,0.059880239520958084,0.6592592592592593
0.13085106382978723,0.10120481927710845,0.006,0.0027820710973724882,0.014322916666666666,0.02694610778443114,0.4985185185185185
0.10425531914893617,0.08072289156626507,0.004,0.027357032457496135,0.004774305555555555,0.02844311377245509,0.5503703703703704
0.04680851063829787,0.032530120481927716,0.003,0.01205564142194745,0.010633680555555554,0.010479041916167664,0.6555555555555556
0.04148936170212766,0.03614457831325302,0.006,0.011746522411128283,0.021701388888888888,0.017964071856287425,0.6533333333333334
0.031914893617021274,0.027710843373493974,0.004,0.008964451313755796,0.01540798611111111,0.011976047904191617,0.6733333333333335
0.1595744680851064,0.030120481927710843,0.125,0.010819165378670788,0.009765625,0.010479041916167664,0.0
0.09787234042553192,0.24096385542168675,0.006999999999999999,0.0,0.004340277777777778,0.014970059880239521,0.5703703703703704
0.07021276595744681,0.033734939759036145,0.068,0.005255023183925811,0.01931423611111111,0.011976047904191617,0.5525925925925925
0.030851063829787233,0.03614457831325302,0.003,0.008346213292117466,0.015842013888888888,0.037425149700598806,0.6644444444444445
0.031914893617021274,0.03855421686746988,0.006999999999999999,0.007264296754250387,0.015190972222222222,0.0658682634730539,0.6696296296296297
0.023404255319148935,0.030120481927710843,0.006,0.004791344667697064,0.010850694444444444,0.05239520958083832,0.6888888888888889
0.055319148936170216,0.02168674698795181,0.036000000000000004,0.00463678516228748,0.008637152777777777,0.019461077844311378,0.0
0.03723404255319149,0.03493975903614458,0.002,0.0012364760432766616,0.013671875,0.004491017964071856,0.6696296296296297
0.11808510638297873,0.01807228915662651,0.003,0.04204018547140649,0.006076388888888888,0.01347305389221557,0.5185185185185185
0.04680851063829787,0.02168674698795181,0.006,0.014837712519319937,0.004991319444444444,0.01347305389221557,0.6474074074074074
0.012765957446808512,0.008433734939759036,0.001,0.004173106646058733,0.002170138888888889,0.004491017964071856,0.7118518518518518
0.012765957446808512,0.008433734939759036,0.001,0.004173106646058733,0.002170138888888889,0.004491017964071856,0.7118518518518518
0.012765957446808512,0.008433734939759036,0.001,0.004173106646058733,0.002170138888888889,0.004491017964071856,0.7118518518518518
0.026595744680851064,0.02891566265060241,0.002,0.007573415765069552,0.004774305555555555,0.016467065868263474,0.6792592592592593
0.025531914893617023,0.016867469879518072,0.002,0.008191653786707881,0.009982638888888888,0.0074850299401197605,0.6844444444444445
0.025531914893617023,0.016867469879518072,0.002,0.008191653786707881,0.009982638888888888,0.0074850299401197605,0.6844444444444445
0.025531914893617023,0.016867469879518072,0.002,0.008191653786707881,0.009982638888888888,0.0074850299401197605,0.6844444444444445
0.13297872340425532,0.10000000000000002,0.006999999999999999,0.03415765069551777,0.003689236111111111,0.040419161676646706,0.4977777777777778
0.04042553191489362,0.03614457831325302,0.003,0.012210200927357032,0.012152777777777776,0.016467065868263474,0.6518518518518519
0.022340425531914895,0.020481927710843374,0.004,0.0058732612055641415,0.022352430555555556,0.05389221556886228,0.6888888888888889
0.047872340425531915,0.026506024096385545,0.003,0.015919629057187017,0.011284722222222222,0.016467065868263474,0.6392592592592593
0.04468085106382979,0.04578313253012048,0.006,0.01205564142194745,0.016493055555555556,0.037425149700598806,0.6370370370370371
0.018085106382978725,0.007228915662650603,0.002,0.0058732612055641415,0.0026041666666666665,0.008982035928143712,0.7037037037037037
0.027659574468085108,0.007228915662650603,0.001,0.01035548686244204,0.003038194444444444,0.0074850299401197605,0.6837037037037037
0.035106382978723406,0.02289156626506024,0.001,0.01143740340030912,0.05946180555555555,0.059880239520958084,0.6666666666666667
0.02021276595744681,0.010843373493975905,0.001,0.006491499227202473,0.007595486111111111,0.008982035928143712,0.697037037037037
0.07021276595744681,0.060240963855421686,0.006999999999999999,0.0205564142194745,0.03537326388888889,0.041916167664670656,0.5925925925925926
0.05425531914893617,0.024096385542168676,0.004,0.017465224111282845,0.009765625,0.0074850299401197605,0.6325925925925927
0.030851063829787233,0.013253012048192772,0.003,0.010200927357032456,0.009765625,0.020958083832335328,0.6755555555555556
0.030851063829787233,0.013253012048192772,0.003,0.010200927357032456,0.009765625,0.020958083832335328,0.6755555555555556
0.030851063829787233,0.013253012048192772,0.003,0.010200927357032456,0.009765625,0.020958083832335328,0.6755555555555556
0.01702127659574468,0.00963855421686747,0.002,0.005255023183925811,0.003472222222222222,0.0074850299401197605,0.7037037037037037
0.02446808510638298,0.02168674698795181,0.003,0.006955177743431221,0.03884548611111111,0.1032934131736527,0.6844444444444445
0.027659574468085108,0.025301204819277112,0.001,0.007573415765069552,0.010850694444444444,0.005988023952095809,0.6837037037037037
0.2925531914893617,0.13975903614457832,0.11599999999999999,0.04667697063369397,0.054535590277777775,0.02844311377245509,0.0
0.05319148936170213,0.04457831325301205,0.01,0.013910355486862442,0.04188368055555555,0.019461077844311378,0.6214814814814815
0.047872340425531915,0.026506024096385545,0.003,0.015919629057187017,0.011284722222222222,0.016467065868263474,0.6392592592592593
0.02872340425531915,0.007228915662650603,0.003,0.0080370942812983,0.0028211805555555555,0.0074850299401197605,0.674074074074074
0.023404255319148935,0.027710843373493974,0.003,0.0061823802163833074,0.04774305555555555,0.04341317365269461,0.682962962962963
0.015957446808510637,0.014457831325301205,0.002,0.004482225656877898,0.004774305555555555,0.0074850299401197605,0.7022222222222222
0.018085106382978725,0.020481927710843374,0.003,0.00463678516228748,0.039496527777777776,0.037425149700598806,0.697037037037037
0.02021276595744681,0.032530120481927716,0.002,0.004482225656877898,0.018012152777777776,0.020958083832335328,0.6925925925925926
0.02127659574468085,0.012048192771084338,0.001,0.007109737248840803,0.010850694444444444,0.014970059880239521,0.6888888888888889
0.08617021276595745,0.06144578313253012,0.045,0.007882534775888716,0.013020833333333332,0.058383233532934134,0.5474074074074075
0.012765957446808512,0.006024096385542169,0.001,0.0030911901081916537,0.0030815972222222217,0.0074850299401197605,0.0
0.015957446808510637,0.007228915662650603,0.001,0.004791344667697064,0.002734375,0.0074850299401197605,0.0
0.0925531914893617,0.06385542168674699,0.052000000000000005,0.009737248840803708,0.01171875,0.0029940119760479044,0.4444444444444445
0.026595744680851064,0.05542168674698795,0.004,0.00463678516228748,0.008680555555555556,0.029940119760479042,0.674074074074074
0.03617021276595745,0.024096385542168676,0.001,0.012210200927357032,0.010850694444444444,0.029940119760479042,0.6592592592592593
0.3127659574468085,0.10000000000000002,0.017,0.11221020092735702,0.08029513888888888,0.3323353293413174,0.09111111111111111
0.025531914893617023,0.013253012048192772,0.002,0.008500772797527048,0.003255208333333333,0.005988023952095809,0.6866666666666668
0.30319148936170215,0.051807228915662654,0.257,0.014683153013910355,0.010416666666666666,0.218562874251497,0.0
0.04148936170212766,0.027710843373493974,0.019,0.0030911901081916537,0.011067708333333332,0.05089820359281437,0.6651851851851852
0.05106382978723405,0.01807228915662651,0.003,0.017465224111282845,0.0028211805555555555,0.011976047904191617,0.6362962962962964
0.02446808510638298,0.02168674698795181,0.001,0.007573415765069552,0.008680555555555556,0.0074850299401197605,0.6866666666666668
0.06276595744680852,0.03493975903614458,0.003,0.021483771251931995,0.033637152777777776,0.037425149700598806,0.6
0.41702127659574467,0.06506024096385543,0.28500000000000003,0.04389489953632148,0.0037760416666666663,0.017964071856287425,0.0
0.02446808510638298,0.03493975903614458,0.002,0.00633693972179289,0.006293402777777777,0.011976047904191617,0.6844444444444445
0.03723404255319149,0.060240963855421686,0.002,0.008964451313755796,0.012369791666666666,0.014970059880239521,0.6518518518518519
0.07127659574468086,0.10843373493975904,0.026000000000000002,0.009891808346213293,0.010850694444444444,0.014970059880239521,0.6
0.029787234042553193,0.03614457831325302,0.008,0.0061823802163833074,0.011284722222222222,0.0074850299401197605,0.6807407407407408
0.02127659574468085,0.012048192771084338,0.003,0.006491499227202473,0.0010850694444444445,0.0074850299401197605,0.6962962962962963
0.02446808510638298,0.024096385542168676,0.006999999999999999,0.0035548686244204013,0.0010850694444444445,0.0074850299401197605,0.6888888888888889
0.015957446808510637,0.012048192771084338,0.002,0.005409582689335394,0.001519097222222222,0.005988023952095809,0.6962962962962963
0.04468085106382979,0.014457831325301205,0.003,0.014374034003091191,0.008463541666666666,0.011976047904191617,0.6533333333333334
0.039361702127659576,0.012048192771084338,0.006,0.012828438948995364,0.00954861111111111,0.008982035928143712,0.662962962962963
0.029787234042553193,0.008433734939759036,0.005,0.009737248840803708,0.009982638888888888,0.008982035928143712,0.6822222222222222
0.09042553191489362,0.010843373493975905,0.065,0.011901081916537867,0.002170138888888889,0.01347305389221557,0.6244444444444445
0.06170212765957447,0.0036144578313253013,0.004,0.02302936630602782,0.0013020833333333333,0.004491017964071856,0.6229629629629629
0.039361702127659576,0.00963855421686747,0.005,0.012828438948995364,0.006076388888888888,0.011976047904191617,0.665925925925926
0.2542553191489362,0.033734939759036145,0.006,0.09659969088098917,0.016059027777777776,0.008982035928143712,0.2325925925925926
0.03829787234042553,0.004819277108433735,0.004,0.013601236476043277,0.0008680555555555555,0.016467065868263474,0.6666666666666667
0.05851063829787234,0.016867469879518072,0.002,0.019783616692426585,0.003255208333333333,0.008982035928143712,0.6303703703703704
0.02446808510638298,0.00963855421686747,0.002,0.0080370942812983,0.006510416666666666,0.0688622754491018,0.6814814814814815
0.04148936170212766,0.008433734939759036,0.002,0.01499227202472952,0.009331597222222222,0.011976047904191617,0.6592592592592593
0.1074468085106383,0.020481927710843374,0.006,0.03894899536321483,0.005859375,0.011976047904191617,0.5296296296296297
0.12340425531914893,0.03614457831325302,0.004,0.04420401854714065,0.004340277777777778,0.02245508982035928,0.4962962962962963
0.06702127659574468,0.012048192771084338,0.002,0.024884080370942814,0.00390625,0.01347305389221557,0.6074074074074074
0.1425531914893617,0.030120481927710843,0.03,0.04327666151468315,0.0016059027777777777,0.019461077844311378,0.4814814814814815
0.10425531914893617,0.016867469879518072,0.002,0.039258114374034,0.004557291666666666,0.0,0.5370370370370371
0.07446808510638298,0.007228915662650603,0.0,0.029211746522411125,0.0023871527777777775,0.016467065868263474,0.5925925925925926
0.0723404255319149,0.008433734939759036,0.001,0.027820710973724884,0.0018446180555555555,0.023952095808383235,0.5985185185185186
0.04893617021276596,0.007228915662650603,0.0,0.018238021638330756,0.0016276041666666665,0.016467065868263474,0.6444444444444445
0.052127659574468084,0.010843373493975905,0.003,0.018856259659969087,0.003038194444444444,0.016467065868263474,0.6370370370370371
0.059574468085106386,0.007228915662650603,0.003,0.02194744976816074,0.006293402777777777,0.017964071856287425,0.625925925925926
0.06808510638297872,0.008433734939759036,0.006,0.024420401854714065,0.0008680555555555555,0.0074850299401197605,0.6118518518518519
0.05106382978723405,0.007228915662650603,0.002,0.019165378670788255,0.004991319444444444,0.0074850299401197605,0.6392592592592593
0.04680851063829787,0.00963855421686747,0.003,0.016846986089644512,0.007161458333333333,0.005988023952095809,0.6466666666666667
0.047872340425531915,0.010843373493975905,0.002,0.01731066460587326,0.007161458333333333,0.005988023952095809,0.645925925925926
0.04680851063829787,0.00963855421686747,0.002,0.017001545595054096,0.004123263888888889,0.0029940119760479044,0.6481481481481481
0.039361702127659576,0.00963855421686747,0.001,0.01901081916537867,0.008680555555555556,0.008982035928143712,0.6414814814814814
0.043617021276595745,0.012048192771084338,0.001,0.015919629057187017,0.003255208333333333,0.041916167664670656,0.6518518518518519
0.05106382978723405,0.012048192771084338,0.002,0.01839258114374034,0.002170138888888889,0.0,0.6407407407407407
0.08297872340425531,0.00963855421686747,0.004,0.030911901081916538,0.0014322916666666666,0.004491017964071856,0.5792592592592593
0.09148936170212767,0.01927710843373494,0.002,0.02009273570324575,0.004383680555555555,0.019461077844311378,0.6296296296296297
0.059574468085106386,0.010843373493975905,0.002,0.022102009273570325,0.003689236111111111,0.016467065868263474,0.6229629629629629
0.04680851063829787,0.008433734939759036,0.002,0.01731066460587326,0.0028211805555555555,0.0029940119760479044,0.6474074074074074
0.06702127659574468,0.006024096385542169,0.002,0.025811437403400306,0.003038194444444444,0.010479041916167664,0.6088888888888889
0.04893617021276596,0.004819277108433735,0.002,0.01839258114374034,0.003255208333333333,0.0029940119760479044,0.6414814814814814
0.07659574468085106,0.00963855421686747,0.002,0.02890262751159196,0.0028211805555555555,0.02844311377245509,0.5940740740740741
0.059574468085106386,0.004819277108433735,0.002,0.02256568778979907,0.003472222222222222,0.025449101796407185,0.625925925925926
0.06276595744680852,0.006024096385542169,0.004,0.023338485316846985,0.0026041666666666665,0.005988023952095809,0.62
0.06702127659574468,0.007228915662650603,0.006,0.0241112828438949,0.001736111111111111,0.011976047904191617,0.6148148148148148
0.06914893617021277,0.020481927710843374,0.002,0.024884080370942814,0.0028211805555555555,0.011976047904191617,0.5851851851851853
0.055319148936170216,0.004819277108433735,0.002,0.021174652241112826,0.003472222222222222,0.004491017964071856,0.6318518518518519
0.1127659574468085,0.014457831325301205,0.003,0.04265842349304482,0.004340277777777778,0.01347305389221557,0.5185185185185185
0.04468085106382979,0.0036144578313253013,0.002,0.016846986089644512,0.006944444444444444,0.02245508982035928,0.6525925925925926
0.04893617021276596,0.006024096385542169,0.0,0.018856259659969087,0.004991319444444444,0.025449101796407185,0.6422222222222222
0.10531914893617021,0.014457831325301205,0.002,0.03987635239567233,0.001736111111111111,0.0074850299401197605,0.5333333333333333
0.0723404255319149,0.01566265060240964,0.002,0.02658423493044822,0.002170138888888889,0.008982035928143712,0.5948148148148148
0.10531914893617021,0.01566265060240964,0.002,0.03956723338485317,0.002170138888888889,0.01347305389221557,0.534074074074074
0.1351063829787234,0.016867469879518072,0.002,0.05193199381761979,0.001519097222222222,0.011976047904191617,0.4755555555555556
0.1425531914893617,0.013253012048192772,0.005,0.05486862442040186,0.006727430555555555,0.01347305389221557,0.4577777777777778
0.1276595744680851,0.014457831325301205,0.002,0.0491499227202473,0.002170138888888889,0.011976047904191617,0.4874074074074074
0.12553191489361704,0.014457831325301205,0.002,0.04806800618238022,0.001519097222222222,0.004491017964071856,0.4962962962962963
0.15531914893617021,0.024096385542168676,0.002,0.05904173106646059,0.002170138888888889,0.01347305389221557,0.4377777777777778
0.6648936170212766,0.012048192771084338,0.0,0.012519319938176197,0.0056640625,0.041916167664670656,0.0
0.07340425531914893,0.010843373493975905,0.001,0.027975270479134468,0.003472222222222222,0.0074850299401197605,0.5962962962962963
0.011702127659574468,0.0,0.0,0.004173106646058733,0.0005208333333333333,0.0,0.0
0.00425531914893617,0.0,0.0,0.0013910355486862441,0.00017361111111111112,0.0,0.0
0.08191489361702128,0.004819277108433735,0.0,0.03230293663060278,0.006076388888888888,0.06287425149700598,0.5822222222222222
0.09787234042553192,0.006024096385542169,0.011000000000000001,0.03462132921174652,0.005425347222222222,0.014970059880239521,0.5592592592592592
0.029787234042553193,0.006024096385542169,0.002,0.010664605873261205,0.001519097222222222,0.0029940119760479044,0.6822222222222222
0.06914893617021277,0.012048192771084338,0.003,0.02519319938176198,0.003038194444444444,0.008982035928143712,0.6051851851851853
0.1074468085106383,0.020481927710843374,0.006,0.05440494590417311,0.005859375,0.011976047904191617,0.5296296296296297
0.22021276595744682,0.04819277108433735,0.125,0.03183925811437403,0.026692708333333332,0.0014970059880239522,0.46
0.3468085106382979,0.27469879518072293,0.203,0.02024729520865533,0.16861979166666666,0.02245508982035928,0.2851851851851852
0.2170212765957447,0.03132530120481928,0.2,0.0061823802163833074,0.02105034722222222,0.0014970059880239522,0.5370370370370371
0.7712765957446809,0.006024096385542169,0.816,0.0021638330757341576,0.003255208333333333,0.016467065868263474,0.12222222222222223
0.06914893617021277,0.013253012048192772,0.035,0.011901081916537867,0.007660590277777777,0.0,0.0
0.06808510638297872,0.051807228915662654,0.023,0.010200927357032456,0.02126736111111111,0.040419161676646706,0.6362962962962964
0.3574468085106383,0.09879518072289156,0.1,0.08500772797527048,0.05967881944444444,0.0029940119760479044,0.1851851851851852
0.14680851063829786,0.08433734939759037,0.079,0.015301391035548687,0.052734375,0.0029940119760479044,0.5459259259259259
0.1702127659574468,0.07590361445783132,0.12,0.01097372488408037,0.046875,0.0029940119760479044,0.5466666666666666
0.06489361702127659,0.03855421686746988,0.035,0.006646058732612055,0.03103298611111111,0.025449101796407185,0.654074074074074
0.03829787234042553,0.042168674698795185,0.001,0.007882534775888716,0.026692708333333332,0.0014970059880239522,0.6703703703703704
0.5414893617021277,0.29638554216867474,0.3,0.055950540958268936,0.19618055555555555,0.008982035928143712,0.02592592592592593
0.4446808510638298,0.22891566265060243,0.09,0.10123647604327667,0.1736111111111111,0.10479041916167664,0.018518518518518517
0.3851063829787234,0.42891566265060244,0.01,0.080370942812983,0.2821180555555555,0.008982035928143712,0.02592592592592593
0.055319148936170216,0.03975903614457831,0.025,0.0061823802163833074,0.026041666666666664,0.0014970059880239522,0.6518518518518519
0.9595744680851064,0.0,1.0,0.0,0.0,0.0,0.0
0.8702127659574468,0.01807228915662651,0.9,0.0,0.0,0.0,0.037037037037037035
0.7659574468085106,0.007228915662650603,0.81,0.0006182380216383308,0.004340277777777778,0.0,0.11481481481481481
0.9595744680851064,0.0,1.0,0.0,0.0,0.0,0.0
0.9595744680851064,0.0,1.0,0.0,0.0,0.0,0.0
0.9595744680851064,0.0,1.0,0.0,0.0,0.0,0.0
0.9255319148936171,0.012048192771084338,0.98,0.0,0.0,0.0,0.0
0.9595744680851064,0.0,1.0,0.0,0.0,0.0,0.0
0.9595744680851064,0.0,1.0,0.0,0.0,0.0,0.0
0.0,0.0,0.002,0.0,0.08680555555555555,0.07485029940119761,0.1274074074074074
0.05106382978723405,0.007228915662650603,0.0,0.0068006182380216385,0.0008680555555555555,0.0,0.6681481481481482
0.04574468085106383,0.03132530120481928,0.0,0.01792890262751159,0.003255208333333333,0.0074850299401197605,0.6370370370370371
0.26063829787234044,0.04096385542168675,0.0,0.10231839258114374,0.013020833333333332,0.029940119760479042,0.14814814814814814
0.225531914893617,0.20361445783132529,0.002,0.07357032457496136,0.658203125,0.29940119760479045,0.16296296296296298
0.2521276595744681,0.17710843373493976,0.002,0.0865533230293663,0.8190104166666666,0.29940119760479045,0.13333333333333333
0.31063829787234043,0.06265060240963856,0.08900000000000001,0.08871715610510046,0.16059027777777776,0.07335329341317366,0.1725925925925926
0.5021276595744681,0.024096385542168676,0.298,0.09690880989180835,0.013671875,0.041916167664670656,0.01037037037037037
0.5361702127659574,0.06626506024096386,0.529,0.04513137557959814,0.02126736111111111,0.0658682634730539,0.017037037037037038
0.4053191489361702,0.10843373493975904,0.35000000000000003,0.08284389489953632,0.043402777777777776,0.029940119760479042,0.007407407407407408
0.012765957446808512,0.0012048192771084338,0.001,0.0077279752704791345,0.001519097222222222,0.0074850299401197605,0.7000000000000001
0.12978723404255318,0.07228915662650603,0.01,0.0401854714064915,0.021701388888888888,0.04940119760479042,0.48888888888888893
0.42021276595744683,0.03614457831325302,0.057,0.12550231839258114,0.0026041666666666665,0.023952095808383235,0.08888888888888889
0.41382978723404257,0.0,0.0,0.14064914992272023,0.0,0.0074850299401197605,0.037037037037037035
0.39148936170212767,0.0,0.0,0.14683153013910355,0.016276041666666664,0.04491017964071856,0.06666666666666667
0.4106382978723404,0.03614457831325302,0.1,0.11746522411128284,0.016493055555555556,0.038922155688622756,0.07407407407407407
0.37872340425531914,0.004819277108433735,0.005,0.1400309119010819,0.011067708333333332,0.06287425149700598,0.054814814814814816
0.3872340425531915,0.0,0.0,0.14528593508500773,0.0010850694444444445,0.0014970059880239522,0.04
0.05425531914893617,0.01807228915662651,0.01,0.015610510046367852,0.004557291666666666,0.023952095808383235,0.6385185185185186
0.2542553191489362,0.006024096385542169,0.006,0.09969088098918083,0.004340277777777778,0.014970059880239521,0.2518518518518519
0.37872340425531914,0.10843373493975904,0.085,0.09969088098918083,0.043402777777777776,0.14970059880239522,0.08888888888888889
0.37446808510638296,0.20963855421686747,0.013000000000000001,0.10664605873261206,0.0642361111111111,0.061377245508982034,0.0
0.06702127659574468,0.024096385542168676,0.027000000000000003,0.014064914992272025,0.005208333333333333,0.04940119760479042,0.6288888888888889
0.03829787234042553,0.0,0.0,0.015455950540958269,0.0,0.0,0.6666666666666667
0.031914893617021274,0.0,0.0,0.012364760432766615,0.0,0.0,0.674074074074074
0.3127659574468085,0.0036144578313253013,0.0,0.12287480680061824,0.0010850694444444445,0.1347305389221557,0.14814814814814814
0.2936170212765957,0.0,0.001,0.10973724884080371,0.10199652777777778,0.4416167664670659,0.15703703703703703
0.3819148936170213,0.13855421686746988,0.068,0.09953632148377126,0.09982638888888888,0.25149700598802394,0.09555555555555556
0.1446808510638298,0.5180722891566265,0.024,0.00463678516228748,0.030381944444444444,0.29940119760479045,0.07407407407407407
0.10425531914893617,0.024096385542168676,0.004,0.03786707882534776,0.0026041666666666665,0.011976047904191617,0.5148148148148148
0.3170212765957447,0.0963855421686747,0.23800000000000002,0.07557959814528593,0.02712673611111111,0.17365269461077845,0.02888888888888889
0.22659574468085106,0.0,0.0,0.08500772797527048,0.0,0.0,0.32592592592592595
0.14042553191489363,0.23493975903614459,0.006999999999999999,0.10479134466769706,0.15559895833333331,0.17664670658682635,0.056296296296296296
0.13404255319148936,0.013253012048192772,0.022000000000000002,0.03972179289026275,0.010416666666666666,0.016467065868263474,0.46370370370370373
0.33617021276595743,0.7240963855421687,0.065,0.03462132921174652,0.6935763888888888,0.24850299401197606,0.03185185185185185
0.1851063829787234,0.3614457831325301,0.035,0.005409582689335394,0.021701388888888888,0.04640718562874251,0.32592592592592595
0.10946808510638299,0.03975903614457831,0.027000000000000003,0.02519319938176198,0.0,0.05089820359281437,0.3548148148148148
0.08085106382978724,0.04939759036144578,0.025,0.014219474497681605,0.003038194444444444,0.040419161676646706,0.6192592592592593
0.2898936170212766,0.051807228915662654,0.188,0.033693972179289024,2.170138888888889e-05,0.10778443113772455,0.4
0.16382978723404257,0.03614457831325302,0.045,0.03941267387944358,0.0,0.0,0.48592592592592593
0.2401063829787234,0.03614457831325302,0.003,0.08176197836166924,0.0,0.07335329341317366,0.31777777777777777
0.3723404255319149,0.0963855421686747,0.11,0.08346213292117464,0.03515625,0.020958083832335328,0.0
0.2765957446808511,0.060240963855421686,0.01,0.1329211746522411,0.01150173611111111,0.010479041916167664,0.0
0.425531914893617,0.04819277108433735,0.006999999999999999,0.1472952086553323,0.002170138888888889,0.0074850299401197605,0.0
0.06382978723404255,0.012048192771084338,0.6,0.02009273570324575,0.00043402777777777775,0.0029940119760479044,0.0
0.1127659574468085,0.05301204819277109,0.063,0.012210200927357032,0.048828125,0.24251497005988024,0.5792592592592593
0.13372340425531914,0.03975903614457831,0.019,0.03693972179289026,0.0,0.08383233532934131,0.5133333333333333
0.22340425531914895,0.01927710843373494,0.066,0.0553323029366306,0.001388888888888889,0.03592814371257485,0.32
0.2765957446808511,0.024096385542168676,0.15,0.08191653786707882,0.012261284722222222,0.029940119760479042,0.0
0.018617021276595744,0.03975903614457831,0.023,0.06105100463678516,0.0,0.0074850299401197605,1.0
0.16670212765957446,0.03614457831325302,0.017,0.050540958268933546,0.0014539930555555556,0.0014970059880239522,0.0
0.16170212765957448,0.0,0.0,0.058114374034003095,0.00043402777777777775,0.0,0.0
0.0476595744680851,0.0,0.0,0.017465224111282845,0.00013020833333333333,0.0,0.0
0.14393617021276597,0.06987951807228916,0.057999999999999996,0.02534775888717156,0.003038194444444444,0.020958083832335328,0.5370370370370371
0.3058510638297872,0.0783132530120482,0.065,0.08160741885625965,4.340277777777778e-05,0.0074850299401197605,0.17407407407407408
0.1823404255319149,0.04819277108433735,0.04,0.04945904173106646,0.0,0.008982035928143712,0.4525925925925926
0.05638297872340425,0.01927710843373494,0.016,0.013601236476043277,0.0017144097222222222,0.0,0.6511111111111112
0.18617021276595744,0.02168674698795181,0.018000000000000002,0.05409582689335394,0.0010416666666666667,0.016467065868263474,0.0
0.15840425531914895,0.12530120481927712,0.10400000000000001,0.031066460587326122,0.0018880208333333331,0.005988023952095809,0.0
0.40606382978723404,0.11445783132530121,0.095,0.1017001545595054,2.170138888888889e-05,0.010479041916167664,0.13925925925925928
0.4734042553191489,0.13253012048192772,0.11,0.10123647604327667,2.170138888888889e-05,0.03592814371257485,0.018518518518518517
0.5191489361702127,0.30843373493975906,0.256,0.09211746522411128,0.0,0.011976047904191617,0.04740740740740741
0.4095744680851064,0.16867469879518074,0.31,0.02009273570324575,0.009114583333333332,0.014970059880239521,0.0
0.7957446808510639,0.25060240963855424,0.20800000000000002,0.1928902627511592,2.170138888888889e-05,0.008982035928143712,0.05333333333333334
0.15606382978723404,0.07108433734939759,0.059000000000000004,0.03044822256568779,2.170138888888889e-05,0.17964071856287425,0.5074074074074074
0.31063829787234043,0.13493975903614458,0.11199999999999999,0.004327666151468315,0.0,0.05089820359281437,0.2992592592592593
0.2276595744680851,0.06506024096385543,0.054000000000000006,0.062132921174652245,0.0,0.010479041916167664,0.3866666666666667
0.5053191489361702,0.01927710843373494,0.255,0.09953632148377126,0.033203125,0.014970059880239521,0.049629629629629635
0.049680851063829794,0.20843373493975906,0.17300000000000001,0.1256568778979907,0.017361111111111112,0.02844311377245509,0.0
0.3617021276595745,0.3614457831325301,0.3,0.080370942812983,0.06467013888888888,0.017964071856287425,0.0
0.3617021276595745,0.13253012048192772,0.11,0.08346213292117464,0.003038194444444444,0.010479041916167664,0.0
0.11659574468085106,0.03132530120481928,0.026000000000000002,0.028748068006182383,0.0,0.004491017964071856,0.554074074074074
0.5765957446808511,0.4855421686746988,0.424,0.01777434312210201,0.03797743055555555,0.07784431137724551,0.023703703703703706
0.19861702127659572,0.01927710843373494,0.016,0.061205564142194746,0.0,0.0029940119760479044,0.41185185185185186
0.2553191489361702,0.012048192771084338,0.04,0.08346213292117464,0.002495659722222222,0.02694610778443114,0.3037037037037037
0.3893617021276596,0.050602409638554224,0.043,0.012210200927357032,0.033203125,0.10479041916167664,0.09777777777777778
0.19361702127659575,0.012048192771084338,0.01,0.062442040185471406,0.0,0.010479041916167664,0.4088888888888889
0.1347872340425532,0.008433734939759036,0.006999999999999999,0.08856259659969087,0.006727430555555555,0.008982035928143712,0.0
0.3148936170212766,0.016867469879518072,0.013999999999999999,0.10262751159196291,2.170138888888889e-05,0.014970059880239521,0.10222222222222223
0.41840425531914893,0.032530120481927716,0.027000000000000003,0.12256568778979907,2.170138888888889e-05,0.12125748502994012,0.03481481481481482
0.4042553191489362,0.012048192771084338,0.01,0.14219474497681608,2.170138888888889e-05,0.017964071856287425,0.037037037037037035
0.19148936170212766,0.060240963855421686,0.05,0.04945904173106646,2.170138888888889e-05,0.1092814371257485,0.4518518518518519
0.5446808510638298,0.3132530120481928,0.26,0.09335394126738794,0.0,0.023952095808383235,0.0059259259259259265
0.17691489361702128,0.032530120481927716,0.039,0.04559505409582689,2.170138888888889e-05,0.02245508982035928,0.6088888888888889
0.23542553191489363,0.04578313253012048,0.036000000000000004,0.06707882534775889,0.0,0.008982035928143712,0.45111111111111113
0.2553191489361702,0.09397590361445783,0.005,0.07928902627511591,0.004448784722222222,0.023952095808383235,0.0
0.17372340425531915,0.033734939759036145,0.022000000000000002,0.05100463678516229,0.0,0.004491017964071856,0.45333333333333337
0.2822340425531915,0.05662650602409639,0.055,0.07619783616692426,0.0,0.02844311377245509,0.2962962962962963
0.2127659574468085,0.10722891566265061,0.051,0.04559505409582689,2.170138888888889e-05,0.02844311377245509,0.4051851851851852
0.4978723404255319,0.09156626506024096,0.204,0.0964451313755796,0.00486111111111111,0.02694610778443114,0.0
0.23191489361702128,0.00963855421686747,0.16,0.07758887171561052,2.170138888888889e-05,0.008982035928143712,0.23111111111111113
0.2936170212765957,0.03855421686746988,0.032,0.04667697063369397,0.0010416666666666667,0.010479041916167664,0.0
0.269468085106383,0.051807228915662654,0.21,0.018083462132921172,0.0,0.005988023952095809,0.3718518518518519
0.6382978723404256,0.16867469879518074,0.41700000000000004,0.06491499227202473,0.0,0.02694610778443114,0.007407407407407408
0.38648936170212767,0.23253012048192773,0.193,0.06228748068006182,0.0,0.21407185628742517,0.23185185185185186
0.3021276595744681,0.14457831325301207,0.14400000000000002,0.021020092735703245,0.025086805555555553,1.0,0.0
0.3262765957446808,0.10843373493975904,0.18,0.04173106646058732,0.001519097222222222,0.5883233532934131,0.0
0.39148936170212767,0.0819277108433735,0.32,0.020401854714064912,0.008680555555555556,0.1721556886227545,0.0
0.3404255319148936,0.08795180722891567,0.187,0.04791344667697063,0.007378472222222222,0.13622754491017963,0.0
0.0425531914893617,0.024096385542168676,0.02,0.00463678516228748,0.0026041666666666665,0.14970059880239522,0.0
0.3070212765957447,0.10000000000000002,0.08900000000000001,0.06846986089644512,2.170138888888889e-05,0.06736526946107785,0.2814814814814815
0.12234042553191489,0.01807228915662651,0.06,0.021638330757341576,2.170138888888889e-05,0.014970059880239521,0.5777777777777778
1.0,0.43373493975903615,0.42,0.160741885625966,0.13020833333333331,0.17964071856287425,0.0
0.14234042553191492,0.03614457831325302,0.016,0.04173106646058732,0.0,0.0,0.0
0.23638297872340425,0.06987951807228916,0.171,0.05394126738794436,0.0,0.0014970059880239522,0.2992592592592593
0.425531914893617,0.0,0.0,0.14683153013910355,0.0010850694444444445,0.0,0.0
0.5468085106382978,0.012048192771084338,0.278,1.0,0.0,0.020958083832335328,0.025185185185185185
0.23404255319148937,0.027710843373493974,0.023,0.009737248840803708,0.0026041666666666665,0.0014970059880239522,0.3874074074074074
0.22340425531914895,0.03614457831325302,0.06,0.0571870170015456,2.170138888888889e-05,0.017964071856287425,0.3925925925925926
0.2127659574468085,0.012048192771084338,0.024,0.06769706336939721,0.0,0.0029940119760479044,0.38814814814814813
0.31382978723404253,0.08795180722891567,0.085,0.07341576506955177,0.0002387152777777778,0.011976047904191617,0.26296296296296295
0.35638297872340424,0.06385542168674699,0.035,0.10896445131375579,0.0014756944444444444,0.020958083832335328,0.4185185185185185
0.3723404255319149,0.09036144578313253,0.02,0.11669242658423493,0.005099826388888889,0.03592814371257485,0.1
0.3595744680851064,0.007228915662650603,0.003,0.1284389489953632,0.003472222222222222,0.16167664670658682,0.11481481481481481
0.11702127659574468,0.18674698795180725,0.005,0.01777434312210201,2.170138888888889e-05,0.0014970059880239522,0.5222222222222223
0.1347872340425532,0.16867469879518074,0.073,0.002009273570324575,0.003038194444444444,0.019461077844311378,0.0
0.2047872340425532,0.05421686746987952,0.06,0.04683153013910356,2.170138888888889e-05,0.02694610778443114,0.42592592592592593
0.30319148936170215,0.012048192771084338,0.18,0.04327666151468315,0.000759548611111111,0.008982035928143712,0.0
0.10138297872340425,0.05301204819277109,0.022000000000000002,0.022256568778979906,0.0004557291666666667,0.020958083832335328,0.5822222222222222
0.13563829787234044,0.03132530120481928,0.094,0.012828438948995364,0.00234375,0.014970059880239521,0.0
0.12457446808510637,0.004819277108433735,0.086,0.014837712519319937,0.002734375,0.016467065868263474,0.0
0.13617021276595745,0.06746987951807229,0.11199999999999999,0.0018547140649149921,0.018402777777777775,0.0074850299401197605,0.0
0.34893617021276596,0.2216867469879518,0.23199999999999998,0.019783616692426585,0.03246527777777777,0.15718562874251496,0.0
0.2553191489361702,0.07228915662650603,0.027000000000000003,0.07619783616692426,0.001736111111111111,0.04640718562874251,0.0
0.09957446808510638,0.05301204819277109,0.018000000000000002,0.023338485316846985,0.0035156249999999997,0.07035928143712575,0.5785185185185185
0.1702127659574468,0.04457831325301205,0.013000000000000001,0.08547140649149922,0.008680555555555556,0.01347305389221557,0.0
0.12106382978723404,0.016867469879518072,0.095,0.03941267387944358,0.006011284722222222,0.008982035928143712,0.0
0.195,0.01566265060240964,0.003,0.0347758887171561,0.0018446180555555555,0.0029940119760479044,0.0
